Af Bij,Bedrag (EUR)
Af,"9,95"
Af,"25,00"
Af,"20,34"
Af,"7,50"
Af,"5,00"
Af,"5,00"
Af,"87,53"
Af,"23,90"
Af,"5,96"
Bij,"8,95"
Af,"13,84"
Bij,"12,50"
Bij,"11,70"
Af,"6,25"
Af,"125,00"
Af,"41,84"
Bij,"13,33"
Af,"32,37"
Bij,"13,33"
Bij,"13,33"
Bij,"13,33"
Af,"10,83"
Af,"332,17"
Bij,"343,77"
Af,"79,99"
Af,"11,47"
Af,"12,99"
Af,"7,50"
Af,"20,00"
Af,"1172,50"
Af,"7,66"
Af,"27,90"
Af,"2,00"
Af,"3,18"
Af,"13,59"
Af,"19,99"
Bij,"80,00"
Af,"20,60"
Af,"6,29"
Bij,"3888,77"
Af,"8,90"
Af,"93,85"
Af,"34,83"
Af,"5,43"
Af,"3,68"
Bij,"20,00"
Af,"20,99"
Af,"25,45"
Bij,"10,00"
Af,"10,03"
Bij,"10,00"
Bij,"10,00"
Bij,"10,00"
Bij,"10,00"
Af,"60,00"
Bij,"500,00"
Bij,"2000,00"
Af,"18,44"
Af,"7,73"
Bij,"215,00"
Af,"8,80"
Af,"31,66"
Af,"9,00"
Af,"3,00"
Af,"14,30"
Af,"24,96"
Af,"5,94"
Af,"25,00"
Af,"125,00"
Af,"6,50"
Af,"50,00"
Af,"14,44"
Af,"6,00"
Bij,"80,09"
Bij,"80,09"
Bij,"80,09"
Af,"27,50"
Af,"25,60"
Af,"12,88"
Af,"18,51"
Af,"332,17"
Af,"1,76"
Af,"865,00"
Af,"7,11"
Bij,"80,00"
Af,"13,80"
Af,"6,73"
Bij,"7,09"
Af,"20,96"
Af,"8,95"
Af,"50,00"
Bij,"7,10"
Af,"21,25"
Af,"39,30"
Af,"7,50"
Af,"100,00"
Af,"14,47"
Af,"3,00"
Af,"100,00"
Af,"23,38"
Af,"6,95"
Af,"60,00"
Af,"8,95"
Af,"19,28"
Af,"19,47"
Af,"10,00"
Af,"18,71"
Af,"21,53"
Bij,"2,00"
Af,"25,00"
Af,"13,31"
Af,"6,67"
Bij,"12,50"
Af,"12,50"
Af,"18,00"
Af,"30,36"
Af,"125,00"
Af,"9,50"
Af,"27,13"
Af,"14,62"
Af,"3,25"
Af,"13,97"
Af,"332,17"
Bij,"22,85"
Af,"22,85"
Af,"523,63"
Bij,"180,87"
Af,"19,64"
Bij,"80,00"
Af,"13,00"
Af,"12,35"
Af,"12,50"
Af,"52,90"
Af,"24,05"
Af,"30,00"
Af,"30,80"
Af,"3,00"
Af,"18,85"
Af,"13,00"
Af,"17,50"
Af,"17,28"
Af,"29,94"
Af,"16,00"
Af,"6,03"
Af,"34,21"
Af,"10,01"
Af,"125,00"
Af,"21,23"
Af,"10,48"
Af,"30,00"
Af,"2,00"
Af,"6,00"
Af,"332,17"
Af,"13,33"
Af,"20,65"
Af,"12,90"
Af,"42,29"
Bij,"80,00"
Af,"27,35"
Af,"7,50"
Af,"5,00"
Af,"638,17"
Af,"1,98"
Af,"21,25"
Af,"48,40"
Af,"20,00"
Af,"28,00"
Af,"12,66"
Af,"49,90"
Af,"25,00"
Af,"18,30"
Bij,"403,55"
Af,"32,81"
Bij,"4,50"
Af,"50,00"
Af,"125,00"
Af,"16,27"
Af,"7,50"
Bij,"2568,38"
Af,"15,25"
Af,"5,00"
Af,"13,60"
Af,"7,48"
Af,"22,74"
Af,"19,75"
Af,"31,50"
Bij,"150,00"
Af,"332,17"
Af,"29,86"
Af,"2,84"
Bij,"364,84"
Af,"35,70"
Af,"13,35"
Af,"19,75"
Bij,"80,00"
Af,"1455,30"
Bij,"15,49"
Af,"22,75"
Af,"17,65"
Af,"15,49"
Bij,"1455,30"
Bij,"14,00"
Af,"8,85"
Af,"7,50"
Af,"50,00"
Af,"26,10"
Bij,"12,00"
Bij,"13,64"
Bij,"11,65"
Af,"4,15"
Af,"34,60"
Af,"13,95"
Bij,"69,55"
Af,"45,99"
Bij,"6,00"
Af,"26,19"
Af,"6,00"
Af,"6,00"
Af,"12,00"
Af,"3,62"
Af,"13,90"
Af,"41,83"
Af,"7,50"
Af,"8,07"
Af,"0,70"
Af,"10,62"
Af,"147,50"
Af,"37,04"
Af,"14,62"
Af,"1,85"
Af,"28,34"
Af,"125,00"
Af,"332,17"
Af,"4,65"
Af,"5,90"
Af,"90,00"
Af,"8,41"
Bij,"59,00"
Af,"10,00"
Af,"34,90"
Af,"316,86"
Af,"13,14"
Af,"46,33"
Af,"34,16"
Af,"27,75"
Af,"1,72"
Bij,"11,05"
Af,"5,45"
Bij,"11,05"
Bij,"11,05"
Bij,"9,45"
Af,"7,50"
Af,"1,49"
Bij,"13,00"
Af,"29,65"
Af,"4,50"
Af,"14,95"
Af,"7,70"
Af,"0,50"
Af,"150,00"
Af,"27,50"
Af,"31,23"
Af,"0,55"
Af,"1,63"
Af,"4,00"
Af,"60,00"
Bij,"18,99"
Af,"37,98"
Af,"19,05"
Af,"225,00"
Bij,"3343,43"
Af,"2,70"
Af,"55,00"
Af,"9,16"
Af,"32,81"
Af,"52,73"
Bij,"10,50"
